Plate,Group,Treatment,Day,Location,Well ID,sCD40L,hEGF,hEotaxin,hFGF-2,hFLT-3L,hG-CSF,hGM-CSF,hGROa,hIFNa2,hIFNy,hIL-1a,hIL-1b,hIL-1RA,hIL-2,hIL-3,hIL-4,hIL-6,hIL-7,hIL-8,hIL-10,hIL-15,hIL-17A,hIL-17E/IL-25,hIL-17F,hIL-22,hIL-27,hIP-10,hMCP-1,hMCP-3,hMDC,hPDGF-AA,hPDGF-AB/BB,hRANTES,hTGFa,hTNFa,hTNFb,hVEGF-A
Plate 1,mgh2_msc_03,MSC,3,A6,14,-,19.47841,6.002287,350.7385,2.514718,42.03431,38.55636,1.536954,3.631583,4.472772,3.142256,5.300218,7.795544,3.517185,2.297527,1.996608,14.97784,1.805783,1.140296,-,16.17415,13.11142,166.7635,-,63.35559,596.4124,16.6889,28.18172,23.50299,0.891916,9.39534,1201.595,1.02341,4.251903,-,17.22989,26.03784
Plate 1,mgh2_msc_03,MSC,3,A7,15,175.9032,21.97861,10.28869,350.0463,2.110171,23.75881,75.71313,1.257635,8.120184,7.587026,4.906143,5.915309,3.327419,1.660132,8.830624,2.755294,5.792067,6.856805,0.120341,9.139034,20.13922,9.240107,215.2197,-,70.65071,439.1198,13.43968,29.07731,45.98766,1.731864,9.709257,1082.341,1.54151,2.946555,9.087747,9.887599,25.23242
Plate 1,mgh2_msc_03,MSC,3,A8,16,248.6463,19.37941,10.63268,332.7012,2.537606,7.529335,169.2878,-,12.34907,4.132559,6.270232,7.161252,4.872477,2.276178,5.312938,2.149464,3.660066,6.199905,0.324154,8.173941,21.3536,15.05244,216.699,-,63.73818,458.2516,10.55306,30.25361,38.23913,0.876876,23.00664,868.5233,1.373079,4.475496,6.702502,10.88509,22.22927
Plate 1,mgh2_msc_05,MSC,5,B6,20,261.6463,18.58732,14.7858,386.4232,2.487631,32.64619,73.1137,35.33359,5.098023,5.335152,113.1458,4.730292,3442.181,2.545112,2.85257,3.075959,3.522308,3.077184,32.40323,7.468197,21.29709,14.6547,238.1167,26.70077,68.11896,582.7681,16.39751,32.38587,45.72924,63.69747,12.42205,1157.242,2.220236,5.435295,6.410174,15.61153,36.02781
Plate 1,mgh2_msc_05,MSC,5,B7,21,196.7761,15.39107,11.37484,330.5045,2.641043,17.73195,48.24989,1.278879,5.961897,4.523677,3.932975,4.659762,2.771587,1.971689,1.772107,1.767285,2.095465,1.483603,0.236418,7.953097,17.26786,8.02604,182.8852,-,48.22373,412.1374,11.24499,28.88785,36.58159,0.558071,9.090722,800.7062,1.08613,3.41033,5.363546,10.90071,22.19375
Plate 1,mgh2_msc_05,MSC,5,B8,22,143.2616,16.57312,13.88657,345.5822,2.350412,17.31803,56.58891,0.994036,8.131256,4.153916,3.182918,6.06908,2.758892,1.953208,1.845674,2.652067,1.83064,2.496887,-,-,16.00794,10.50603,194.9932,19.98161,57.64339,542.0811,11.77211,29.83604,23.22841,0.530759,9.147712,912.7095,1.105281,2.597864,4.520054,11.39853,19.20312
Plate 1,mgh2_msc_10,MSC,10,C6,26,165.359,17.64691,7.988636,350.5946,2.476154,23.49021,154.712,1.084571,11.14992,6.710356,4.251424,5.490106,2.572574,2.51238,4.634007,2.255008,1.651992,7.771101,0.148296,-,19.68223,13.33707,191.8422,20.47902,70.28512,434.9665,16.27917,27.2911,40.34575,1.091586,12.84399,861.7169,1.369117,4.068362,8.971097,11.52752,23.91332
Plate 1,mgh2_msc_10,MSC,10,C7,27,143.5271,17.91773,8.246885,343.8822,2.386825,16.52021,111.0667,1.176263,8.126729,5.594133,2.219909,4.906631,2.778249,2.638751,4.182265,2.714904,1.856518,4.959716,0.180989,7.723424,16.73556,12.3076,181.3779,-,74.93958,508.2418,13.16301,31.06231,59.10423,0.967121,13.01317,1056.1,0.869883,3.769406,6.365676,10.47817,15.2175
Plate 1,mgh2_msc_10,MSC,10,C8,28,177.1288,15.99201,7.002626,347.4313,2.220852,18.12193,67.06363,0.915401,11.07479,5.338604,3.278453,4.53589,2.853379,1.81492,3.419341,2.297101,1.788165,3.481286,0.344061,6.86036,20.0646,13.24416,174.6832,19.58234,65.33889,462.815,13.1499,29.50314,41.39384,1.011063,13.88495,1007.784,1.617703,3.062495,5.215893,7.961877,17.92491
Plate 1,mgh2_msc_12,MSC,12,D6,32,190.3805,16.02409,3.82759,351.6823,1.988955,15.4548,131.0511,1.33453,1.926986,4.035676,2.696612,7.353186,4.600263,2.330685,4.345325,1.408427,1.868623,11.99653,0.430374,-,21.24554,5.969524,177.8184,-,55.77158,341.542,14.98798,29.65442,28.8973,1.576586,12.16845,662.5596,1.553086,3.849896,4.701764,5.261422,26.10156
Plate 1,mgh2_msc_12,MSC,12,D7,33,128.3053,16.75859,5.573775,347.9694,2.322617,20.27176,47.22925,1.485566,6.992941,5.302514,2.81288,5.320695,2.829103,2.327771,2.810187,2.346037,1.874917,2.281574,-,-,19.65481,14.13571,186.2914,-,60.49939,444.7699,15.39456,28.82335,36.74423,1.147302,13.44051,937.5627,1.158157,3.94027,5.626493,11.22847,23.81859
Plate 1,mgh2_msc_12,MSC,12,D8,34,207.7361,16.16228,8.417024,355.3653,2.267062,14.59236,66.71098,1.438308,7.046999,5.349915,3.59287,4.520739,-,1.848969,1.9794,1.978968,1.567886,4.02826,0.265466,-,20.32747,12.12482,182.6246,-,55.50349,474.6528,12.06467,27.50002,35.80089,1.079786,10.41901,891.0817,1.055598,3.464581,5.186535,12.6488,25.44304
Plate 1,mgh2_msc_15,MSC,15,E6,38,154.2209,13.47555,6.535393,376.5583,2.349739,15.67529,76.72201,1.601842,7.72791,4.408688,2.347923,3.949243,2.786097,1.857899,1.510201,2.163256,1.837557,2.797557,0.307396,7.396996,22.87174,8.139682,206.5695,-,51.1004,447.9034,11.06274,27.54954,35.3089,0.860998,11.59252,1046.71,1.229201,3.189251,7.827501,10.21855,24.19281
Plate 1,mgh2_msc_15,MSC,15,E7,39,-,13.37385,8.486165,356.931,2.255158,16.33337,53.90534,0.856176,9.106734,5.20338,3.576963,5.800018,3.110589,1.76976,2.491456,2.103792,1.653852,2.567075,0.214425,6.815529,19.78012,9.811043,172.2991,-,55.70227,334.1128,11.03812,28.70303,38.62352,0.805415,9.826086,834.7668,1.341745,3.657056,5.399713,9.730249,24.94138
Plate 1,mgh2_msc_15,MSC,15,E8,40,138.6901,15.25953,7.559929,355.4594,1.886558,17.72854,44.46834,1.664684,5.185003,5.314894,3.000785,5.285308,2.678812,1.748113,1.654482,1.740488,1.478823,1.866354,0.240422,6.144806,20.23864,11.22733,188.0684,-,53.15058,459.5752,11.69431,25.66971,33.87377,0.865362,11.10025,912.8952,1.176608,3.475531,5.383954,10.74241,25.34971
Plate 1,mgh2_msc_17,MSC,17,F6,44,212.009,20.36014,12.08561,388.7518,2.355403,19.46533,179.2579,1.091115,10.46342,5.146618,2.906613,8.693244,3.326024,2.015284,4.954623,1.692851,1.620642,6.15577,0.255103,7.847582,22.24559,11.41324,219.7311,-,64.96056,460.9083,14.95081,28.6288,47.90883,1.401073,7.760545,968.4416,1.299964,4.249514,5.081879,13.61535,27.46541
Plate 1,mgh2_msc_17,MSC,17,F7,45,182.5092,16.60683,10.59671,374.3895,1.774393,20.61956,107.72,1.612506,13.67271,5.450149,4.106268,6.596566,5.295987,2.400927,5.178986,1.680982,1.869849,5.462832,0.222841,7.129544,18.69244,10.99756,221.1722,19.82431,73.23505,599.3061,15.98597,29.89475,46.73181,0.903108,14.21946,1008.19,1.522539,4.467807,9.219279,8.855651,31.74004
Plate 1,mgh2_msc_17,MSC,17,F8,46,262.8582,20.13833,13.74596,427.115,3.248719,32.00136,90.72771,1.92972,12.01543,12.12631,4.922977,11.01082,6.498737,3.833637,7.038744,2.475583,3.907514,4.441951,0.506976,9.414958,22.39937,16.12041,370.8311,34.21625,107.253,599.4229,18.75724,31.00031,57.77307,1.521216,19.64611,1292.662,1.546864,5.649827,7.159542,16.63416,42.57987
Plate 1,mgh2_msc_19,MSC,19,G6,50,142.2561,15.32425,5.414456,342.4695,2.045379,15.75757,146.495,0.94128,10.61491,5.285838,2.557357,5.828994,2.577737,1.698973,2.19839,1.909413,1.518512,5.485187,-,5.932783,19.65573,14.3602,187.8911,-,55.06314,408.674,13.06727,30.41374,41.36777,0.758574,11.46606,867.5203,1.258591,3.190862,5.791794,10.10524,19.80553
Plate 1,mgh2_msc_19,MSC,19,G7,51,119.9524,15.29544,9.32686,338.979,2.29535,16.32716,148.7658,0.930994,9.203749,4.883045,3.604845,5.06659,3.033152,2.058002,4.319054,1.97454,1.498646,9.438397,0.205661,6.004637,19.44939,12.08647,162.8198,-,61.62483,405.6637,12.10408,26.7378,40.00527,0.951236,11.1761,921.8986,1.216479,3.197393,3.879959,9.316164,19.556
Plate 1,mgh2_msc_19,MSC,19,G8,52,129.5913,13.81271,8.40553,340.7743,2.276281,12.45835,132.7307,1.001831,6.834861,4.877711,3.064406,3.841687,2.879888,1.561125,2.067655,1.605922,1.207314,5.783521,0.243234,5.059019,18.7471,10.42244,153.1322,-,49.97275,289.911,11.15077,27.67791,38.1423,0.813532,11.40178,801.4646,1.10341,2.831176,6.301848,8.871554,15.50343
Plate 1,mgh2_dual_03,Dual,3,A3,11,292.4557,22.71046,10.1912,405.5107,2.97556,24.56443,61.79702,1.22399,11.04215,8.759978,5.237183,9.86902,2.868831,2.261933,69.03874,1.732597,32.42728,6.018558,1.645402,10.82221,18.97714,10.59745,184.5459,20.45729,62.83542,481.2894,14.7626,31.48928,32.00857,0.946128,15.84484,939.5914,2.265113,5.370022,12.91429,12.75405,44.48673
Plate 1,mgh2_dual_03,Dual,3,A4,12,173.8089,18.51678,2.04116,374.3251,2.662975,19.96201,45.29401,1.523751,4.510203,5.942237,3.808444,3.454126,4.943315,2.11238,5.180352,2.916508,12.28707,3.472252,0.41123,-,19.56035,14.97935,199.3461,21.00143,50.43253,442.6292,13.29869,26.07121,32.38795,1.094759,6.041425,1005.638,1.706095,4.402527,2.35748,10.47468,28.74012
Plate 1,mgh2_dual_03,Dual,3,A5,13,-,20.98848,7.481806,385.3247,1.804889,25.23493,23.22724,1.80008,10.14481,5.136947,2.744639,8.078416,3.998597,2.561753,1.498762,3.228567,28.63274,0.520373,1.552557,5.828717,20.06483,9.888848,249.4116,24.17637,75.8608,478.9302,11.43219,31.59407,50.07552,0.77146,18.94309,954.2879,1.039513,6.520769,10.62379,16.1376,50.7996
Plate 1,mgh2_dual_05,Dual,5,B3,17,176.8282,16.50985,6.514193,363.1806,2.644572,22.58941,76.93514,1.619309,10.46051,6.601409,5.348033,6.104376,4.294432,2.395316,3.921073,2.325207,2.572553,3.756931,0.436715,6.826979,21.77213,12.40083,232.8522,-,67.03183,491.5112,13.85682,29.1274,47.28953,0.987972,15.69324,1012.215,1.260493,4.609498,6.611233,11.30924,18.7799
Plate 1,mgh2_dual_05,Dual,5,B4,18,135.6422,14.52834,7.016835,320.0869,2.476723,24.49147,73.62516,1.557283,8.688168,5.971254,4.49423,5.729406,-,2.19286,3.06437,1.464383,2.301063,1.931286,0.413814,6.787329,19.58985,11.6233,197.6218,19.11653,56.33367,463.2662,13.44775,26.14973,46.06013,0.937935,12.55261,1034.559,1.382851,3.456906,6.688243,9.208571,21.24162
Plate 1,mgh2_dual_05,Dual,5,B5,19,176.0779,22.01228,14.08672,312.0017,3.012955,19.45001,193.8046,1.863236,13.7439,5.8184,4.100595,7.339747,3.143657,1.94739,3.701454,2.157108,2.181386,7.163246,0.311202,6.953027,19.8579,17.18661,329.4823,38.08525,58.10837,647.5143,17.67233,31.30544,57.67225,1.564332,15.2283,1089.9,1.749146,3.280288,15.10542,15.94031,23.09339
Plate 1,mgh2_dual_10,Dual,10,C3,23,143.1502,20.62112,10.94311,405.91,3.054309,32.38352,118.1765,-,11.02039,6.951468,4.451648,7.416815,3.391152,3.287552,8.600308,2.574596,2.454744,6.53886,0.604052,9.624077,20.75822,16.57382,230.0757,25.00462,73.62005,572.3656,15.72188,30.34097,43.48227,1.408929,14.03,1101.135,1.510004,4.921525,10.29193,13.46221,22.46474
Plate 1,mgh2_dual_10,Dual,10,C4,24,186.4323,17.14968,10.51442,370.0911,2.957227,31.95508,52.73996,1.7718,9.145462,7.098773,6.826046,6.69041,6.34274,3.004848,3.369185,2.056109,2.915607,4.418718,0.459052,6.598131,21.56688,12.4552,221.3485,24.58132,77.01319,541.544,16.91303,28.67128,48.3843,1.168513,14.50208,1124.422,1.44406,4.247194,8.700709,17.87349,20.3158
Plate 1,mgh2_dual_10,Dual,10,C5,25,119.7441,19.90559,8.806428,388.8701,3.061364,20.97565,93.33694,1.63238,12.70999,6.186519,27.15833,9.552432,6.381312,3.226415,5.038729,2.205431,3.036828,4.883768,0.454527,5.615248,18.52039,14.6358,202.2758,25.49787,74.70251,645.7183,15.80355,31.09,61.86381,1.591793,18.60244,1091.221,1.48395,4.014013,8.09967,12.83775,23.64806
Plate 1,mgh2_dual_12,Dual,12,D3,29,214.4573,20.69528,9.821134,369.676,3.03929,25.73423,112.7788,2.023584,11.83818,7.217226,8.596074,7.018379,3.642081,2.637458,4.916665,2.315457,2.355598,6.520745,0.444575,8.126648,19.48544,16.88818,223.7584,24.80971,79.81112,515.8914,16.2521,30.60688,47.83075,1.469664,14.7073,1041.981,1.568123,4.513759,4.561697,11.23018,26.74734
Plate 1,mgh2_dual_12,Dual,12,D4,30,192.6525,18.23528,11.81923,393.0016,2.396291,22.20084,69.84737,1.0505,7.389434,6.56295,13.97409,7.694975,4.963904,3.189618,4.62633,4.730986,2.268092,2.122864,0.623197,8.315666,21.13331,13.56896,317.8348,-,81.29023,471.2615,14.17902,29.15688,52.42748,1.299918,10.55052,1230.125,1.616598,4.014221,9.914449,10.13018,27.14494
Plate 1,mgh2_dual_12,Dual,12,D5,31,165.0887,18.41959,8.505008,360.2689,2.616565,22.34978,57.19079,1.334787,9.377947,6.26364,3.258974,6.974764,-,2.473386,3.849974,2.508341,2.147006,3.109812,0.263237,7.689592,19.17917,14.53593,231.5666,20.39515,69.45162,511.4302,14.72815,28.90562,47.39966,1.089739,16.45316,947.084,1.430496,4.172166,6.918658,14.51069,22.69744
Plate 1,mgh2_dual_15,Dual,15,E3,35,180.1204,20.23461,7.387461,334.6775,2.68873,18.3922,91.69245,1.833391,11.5063,5.744409,4.423603,6.178033,3.085474,2.777166,3.316168,2.354088,2.165211,7.221596,0.355919,8.174792,20.19962,12.86383,218.2787,25.11037,61.98332,550.1605,14.99859,29.69876,44.54373,1.10032,14.73395,1066.963,0.998654,3.859008,8.677641,13.08337,25.25077
Plate 1,mgh2_dual_15,Dual,15,E4,36,251.267,18.81672,11.74376,329.8766,3.118282,28.66443,76.35149,1.776196,11.75978,5.987514,5.539417,7.123289,3.287304,2.407158,2.232581,2.818719,2.449548,2.628312,0.356002,9.983662,21.31084,11.87843,152.6534,24.43212,81.09392,558.5976,14.33631,30.91876,56.66335,0.870337,21.5703,978.6457,1.103098,5.70472,6.90184,9.826562,32.43946
Plate 1,mgh2_dual_15,Dual,15,E5,37,141.0806,13.66969,11.46007,340.9657,2.787741,16.91501,218.3884,-,12.88391,5.816844,3.957083,5.278051,4.236303,2.111477,2.0902,1.414804,1.77459,6.956219,0.444287,8.295104,20.1894,6.698739,156.6031,-,56.73499,409.2007,11.87315,28.8548,37.81003,0.854495,18.01849,916.5427,1.688526,3.709754,7.701884,9.316246,21.52832
Plate 1,mgh2_dual_17,Dual,17,F3,41,225.8523,21.25015,10.87763,365.0581,3.237688,35.46579,145.0495,1.815084,14.68007,8.081354,4.07262,8.367004,4.321018,3.469118,9.064343,2.87477,2.632253,13.66731,0.439343,10.59451,21.90893,14.06707,266.5371,26.6903,82.79563,646.7608,19.24579,31.32828,55.50357,1.348581,16.58569,1159.61,1.736559,4.473172,8.162945,13.84682,30.14885
Plate 1,mgh2_dual_17,Dual,17,F4,42,-,19.77025,12.54953,348.0346,2.909901,22.49067,35.74827,1.760876,9.463381,7.904021,2.852367,5.600445,4.690046,2.265853,3.720017,3.031805,1.630972,4.57894,0.27974,8.990969,25.0479,10.2567,250.3073,27.9519,84.37561,613.45,16.69874,26.46309,44.64534,1.394033,16.39001,960.3797,1.545472,3.80634,11.39157,14.47328,23.63276
Plate 1,mgh2_dual_17,Dual,17,F5,43,215.0119,19.60494,9.563616,357.4046,2.753205,23.03634,165.6356,1.822937,10.67285,5.846436,4.357688,7.076621,3.955929,2.336355,4.869664,2.474342,1.861482,6.964939,0.1738,8.530666,20.27575,13.56162,228.9048,19.58951,70.85772,507.8024,15.72219,28.40736,45.58702,1.197612,15.14765,1002.305,1.644867,4.410375,4.740456,11.42683,30.67112
Plate 1,mgh2_dual_19,Dual,19,G3,47,155.5458,20.61073,10.00295,367.4139,2.462295,25.67858,89.60545,1.412817,9.718329,6.383585,5.93236,7.316823,3.335059,2.309021,7.586503,2.48356,2.180801,5.317912,0.368111,7.908165,20.19253,15.34368,214.4471,21.85253,69.02812,470.4967,15.49838,28.95893,49.20344,1.167348,16.01571,1030.373,1.279909,3.524692,7.222291,13.72009,21.31791
Plate 1,mgh2_dual_19,Dual,19,G4,48,151.7602,15.27641,7.626335,391.4414,2.609285,28.75296,40.64429,1.174722,10.19294,7.501522,6.288162,6.222237,2.96639,2.350755,4.792927,3.541016,2.354314,5.915537,0.340639,6.024546,18.18566,19.49927,212.6156,-,66.99304,576.823,16.77421,30.00422,39.42096,0.874937,15.46708,1263.79,1.363376,4.690898,7.887351,13.8153,21.73291
Plate 1,mgh2_dual_19,Dual,19,G5,49,121.5475,17.33115,7.036371,357.3264,2.502231,17.88799,208.0685,1.237588,9.274474,6.300275,3.006665,5.158841,3.312419,2.280579,2.935202,2.018722,2.019115,10.03253,0.198283,5.9013,19.71377,12.60873,167.8368,-,65.17692,440.255,13.69293,31.20557,40.55918,0.895819,12.20689,1003.489,1.31835,3.39183,6.833142,13.42942,23.94608
Plate 1,mgh3_msc_03,MSC,3,I4,62,399.5223,26.31192,13.75517,403.4388,3.553956,38.58187,140.7491,1.770218,17.54903,18.99356,2.921454,11.85237,8.046729,5.953163,10.94773,2.759899,5.273377,14.19565,0.564624,12.42552,26.80377,19.3301,456.7304,44.17394,131.0337,655.8014,23.70117,32.56526,50.2817,2.343936,26.18036,1203.014,2.106752,7.891977,6.210939,22.4936,60.53092
Plate 1,mgh3_msc_03,MSC,3,I5,63,211.9106,19.24626,12.18453,370.1287,2.307018,17.00996,167.1322,1.349867,8.988255,6.392263,3.898039,7.933685,3.241362,1.922372,1.892929,1.990444,3.130084,4.312977,0.60039,8.092679,19.31935,13.17957,256.8584,-,66.85811,467.7473,14.33915,26.20235,43.63235,0.899602,19.21692,907.7751,1.343739,3.624666,5.697503,10.85378,23.84104
Plate 1,mgh3_msc_03,MSC,3,I6,64,247.0033,23.15398,10.90152,418.2685,4.027759,27.64521,126.6692,2.787796,14.83735,14.67826,5.497757,10.01069,6.56918,4.586798,2.656962,4.66386,6.648982,6.61394,0.536267,13.09136,23.32024,19.42656,365.6178,33.74287,145.3408,679.4289,23.15397,38.01867,68.42518,1.839992,18.44925,1239.891,2.129706,7.975062,9.997316,16.45494,51.1123
Plate 1,mgh3_msc_06,MSC,6,I10,68,120.4367,13.64539,5.432822,336.9116,2.333331,14.14018,14.31027,1.451969,6.123307,4.335281,2.656541,4.428611,-,1.704465,0.543999,1.940001,2.163794,0.591195,0.270904,4.869772,19.36205,11.51271,167.2561,-,46.73937,335.1683,12.06693,27.68714,35.83525,0.764355,9.290041,840.1192,1.271158,2.927397,4.698504,8.824171,25.74798
Plate 1,mgh3_msc_06,MSC,6,I11,69,114.1436,13.64763,7.29326,341.2587,1.915277,13.7352,54.74566,1.164976,7.904965,4.247374,3.567938,5.919326,2.821987,1.676755,0.529463,1.920623,2.795927,1.143423,0.128995,6.330189,17.64766,9.582733,168.2938,-,47.66476,405.1818,11.59263,29.73855,37.64538,0.890864,10.88583,842.9764,1.107009,3.773913,4.493711,8.717094,24.21156
Plate 1,mgh3_msc_06,MSC,6,I12,70,116.1891,15.25073,5.977213,336.3486,2.171805,14.95961,31.44227,1.082776,3.287335,4.140027,2.751903,2.382065,-,1.753154,0.339096,1.703161,2.30573,0.572357,0.319477,-,20.28741,10.85026,168.9231,-,47.7933,323.1894,11.32117,26.66986,30.9206,0.758386,9.655056,815.324,1.174811,3.166556,3.647302,6.88359,18.93336
Plate 1,mgh3_msc_08,MSC,8,J4,74,-,22.17697,-,374.6412,2.329093,34.75574,167.4548,-,14.81044,6.582053,2.950011,3.28299,2.566123,1.856408,2.876375,2.458042,2.608307,7.312763,0.21928,5.455012,19.50461,14.71735,195.4759,31.31655,80.07829,486.4714,17.41477,31.54015,44.02533,0.976468,16.10734,971.5495,1.192656,4.784728,7.02052,12.18222,21.52427
Plate 1,mgh3_msc_08,MSC,8,J5,75,165.9115,19.24967,10.26598,368.1927,3.158896,26.44198,157.397,1.35535,8.864568,5.854734,3.73528,7.041074,2.810547,2.31183,3.557685,3.290006,2.171373,11.16421,0.435375,8.058014,20.13525,13.49485,232.4052,26.74316,74.12859,496.0499,16.89281,28.61038,54.48871,1.014998,14.26456,990.7334,1.276072,4.175898,6.810234,11.45996,26.3266
Plate 1,mgh3_msc_08,MSC,8,J6,76,120.362,20.07713,7.846466,382.8946,2.203031,19.77819,179.585,0.991364,11.63069,5.470579,2.906257,6.893061,3.443444,1.722883,5.317932,2.073842,1.530363,14.40127,0.339679,9.056982,18.8889,10.42207,192.0334,20.79253,67.76797,481.2297,13.82638,26.69287,42.83238,1.042283,12.4796,847.0538,1.55963,3.886945,5.772279,11.5125,18.45959
Plate 1,mgh3_msc_10,MSC,10,J10,80,138.3352,17.69479,7.553881,345.1478,2.498954,19.76792,167.382,0.848786,7.877158,4.338703,2.795706,4.905237,2.784702,1.963953,6.173545,2.46629,1.625936,13.20282,-,5.0567,18.60715,11.74387,145.2965,21.28319,59.96649,330.0718,13.557,27.56733,38.4289,1.024077,11.34615,824.3633,1.179351,2.79215,4.327468,9.176454,17.0215
Plate 1,mgh3_msc_10,MSC,10,J11,81,145.756,16.7346,5.211652,315.7109,2.318529,18.71192,129.6867,1.039729,8.26981,4.391889,3.372402,5.021273,2.828405,1.699486,3.855651,2.092012,1.63842,11.0857,0.216122,5.593797,18.82566,11.80759,149.0654,-,53.45781,351.9542,12.79912,26.6523,35.28398,1.064929,13.82466,787.3959,1.205635,3.354883,4.530468,7.396275,18.97197
Plate 1,mgh3_msc_10,MSC,10,J12,82,-,14.09122,4.216627,317.3325,2.351504,15.11047,130.8459,0.996814,9.152379,3.87409,3.219128,4.353208,-,1.677206,1.4582,1.702934,1.321569,4.689923,0.153033,5.950188,20.13556,10.65863,146.5994,-,55.60477,312.3639,10.64053,26.58914,32.00011,0.623187,13.89807,830.9909,0.974785,2.863201,3.671288,7.687358,15.40272
Plate 1,mgh3_msc_14,MSC,14,K4,86,-,17.80324,17.73929,359.5868,3.585309,58.49516,47.10646,2.235521,9.956804,8.396235,4.627195,5.86387,6.877908,1.777959,8.498928,2.771568,1.885413,3.203802,0.521361,10.40169,19.55514,13.94652,244.1946,25.23094,80.17494,672.2701,16.74198,30.30354,32.78409,1.086149,14.38392,1182.711,1.854813,6.139381,-,15.25138,15.6211
Plate 1,mgh3_msc_14,MSC,14,K5,87,146.7688,20.55646,8.872444,370.313,2.356126,22.82555,95.65475,1.302754,10.95361,6.367266,4.183256,6.048158,-,2.240991,3.293355,3.082833,1.987157,5.383526,0.448951,6.886207,18.70047,10.06023,204.5481,23.0679,65.51871,525.3092,15.62225,31.7858,49.6361,0.998923,13.8629,950.8271,0.971981,4.300987,5.174992,12.58503,21.74646
Plate 1,mgh3_msc_14,MSC,14,K6,88,171.642,19.08976,8.402486,332.363,2.554202,21.76535,64.83298,1.155743,9.368757,6.341556,3.788317,4.843416,-,1.655005,2.544857,2.395964,1.660606,3.46974,0.151002,5.931402,20.3159,12.31559,179.4294,-,63.17447,468.8458,14.16732,28.56982,39.37851,0.962279,14.66623,909.4009,1.413517,3.937817,5.745615,9.494959,24.33785
Plate 1,mgh3_msc_16,MSC,16,K10,92,123.3651,14.52452,6.523173,334.3561,2.266961,11.6505,108.0218,1.179265,8.602257,4.561177,3.362761,4.922755,-,1.682077,1.237303,2.119177,1.317858,2.183482,0.404074,5.970222,19.37947,9.651894,156.229,18.7141,42.35561,407.3689,11.75809,28.82197,33.31329,0.858822,10.54507,875.1641,1.289938,3.033648,3.718512,9.70004,22.84642
Plate 1,mgh3_msc_16,MSC,16,K11,93,166.9657,14.6786,8.256098,330.0806,2.249998,15.78293,78.95794,-,7.715905,4.209479,4.325769,4.192647,-,2.010625,1.13874,1.930474,1.311041,3.170969,0.164001,5.931264,20.1229,10.21741,165.7501,-,54.83525,366.1707,12.04974,28.99547,34.08808,1.059911,10.44971,866.5214,1.048043,3.482541,4.877867,7.164147,23.35556
Plate 1,mgh3_msc_16,MSC,16,K12,94,131.4346,16.00275,6.011231,327.1762,2.101318,16.72178,44.78292,1.048936,8.064112,4.799354,2.927955,3.998605,-,1.378198,1.070775,1.819564,1.318799,1.556664,0.234696,-,18.91618,10.88705,180.6949,-,45.92676,371.9164,12.22919,29.06267,34.90363,0.523351,8.727739,794.5459,1.273047,2.988462,4.279548,7.219024,22.22463
Plate 1,mgh3_msc_19,MSC,19,L4,98,-,25.04865,3.719729,379.894,2.211141,20.72451,152.8879,1.714608,6.215046,5.767379,1.922379,5.839959,-,2.209388,3.662846,1.45456,2.352826,5.51449,0.79933,7.175653,20.90172,7.259366,119.3877,-,93.64187,558.0164,17.83142,35.47231,36.17664,0.370782,36.74428,1068.211,1.571013,3.383283,7.95507,17.77953,223.6367
Plate 1,mgh3_msc_19,MSC,19,L5,99,128.6289,19.46826,7.889229,348.4369,3.135484,29.46187,141.1397,1.580587,17.11695,7.13738,2.601638,6.463333,3.578589,2.741103,2.825249,2.88238,1.952077,9.979134,0.528439,9.811426,17.94721,8.349405,188.2274,-,98.52378,523.5799,17.59433,29.23431,69.59857,1.433477,10.08555,1037.554,1.381551,4.44393,8.062204,23.26888,40.91598
Plate 1,mgh3_msc_19,MSC,19,L6,100,116.4908,15.26689,8.409249,329.3716,2.624993,19.02116,122.7071,-,9.589105,5.18475,12.07938,4.314799,5.976278,1.803827,1.867926,2.245681,1.499054,3.308844,0.369275,6.478652,20.233,11.48101,156.7978,-,57.64311,437.0415,12.30165,29.50633,41.7992,0.819855,11.08213,908.2366,1.270142,4.161086,4.870246,9.135249,23.56968
Plate 1,mgh3_msc_21,MSC,21,L10,104,165.4941,15.26952,4.767936,333.0464,2.005394,13.68447,64.73649,1.29085,6.404683,4.851029,2.558838,4.84491,-,1.544809,1.116481,1.96489,1.353956,1.536914,0.311611,5.486096,19.78784,10.74208,160.1981,-,46.58958,375.2813,11.61547,28.0376,35.9826,1.064079,10.55611,862.6918,1.064737,3.036265,4.579345,8.50767,21.49858
Plate 1,mgh3_msc_21,MSC,21,L11,105,-,15.07604,5.913305,334.6685,2.185318,14.49712,94.16556,1.33299,7.633813,4.593083,2.994608,4.302975,-,1.720884,0.960056,1.740908,1.456635,1.990755,0.285543,-,18.17549,11.38682,173.7209,17.07163,50.59114,382.3089,12.1547,28.39743,35.61344,0.79295,9.678764,886.4449,1.142661,2.889114,1.705836,9.412953,19.30152
Plate 1,mgh3_msc_21,MSC,21,L12,106,-,2.294489,-,230.1898,0.692981,-,-,-,2.427052,-,2.112137,-,-,-,-,0.242826,-,-,0.161724,-,14.64387,-,-,-,-,-,-,21.51307,-,-,6.910954,-,-,-,4.586873,-,-
Plate 1,mgh3_msc_23,MSC,23,M4,110,211.1657,19.35047,10.09249,356.3767,2.559877,32.61825,81.4074,1.454861,9.433224,7.495395,2.541307,5.081112,2.844868,2.252855,3.337389,2.110144,2.298468,3.994094,0.605847,8.559019,20.66127,11.33582,263.7695,21.92641,73.80423,607.5947,13.84718,26.62999,44.64616,1.183869,12.8423,1024.314,1.219436,5.026967,5.183497,14.8125,23.13757
Plate 1,mgh3_msc_23,MSC,23,M5,111,-,14.46732,8.215118,345.7478,2.381756,22.7166,119.0661,0.85495,12.89938,6.034796,2.896077,2.964527,-,1.641124,1.758414,2.521412,1.909558,12.78098,0.486945,-,18.85944,11.04256,217.6847,23.08962,45.78251,548.7422,14.94596,29.07754,30.65269,1.161427,6.084246,836.2403,1.451437,4.164331,8.157033,11.94086,17.06795
Plate 1,mgh3_msc_23,MSC,23,M6,112,237.07,19.56662,9.712907,403.3846,3.291339,35.25555,159.0455,1.574615,11.2288,8.361487,3.327743,6.897166,4.11628,3.482014,2.849009,2.214738,2.600116,4.680604,0.460451,7.908024,21.28825,17.47249,229.5823,20.7061,89.55356,678.8696,18.06394,31.3808,50.96255,1.029658,19.06788,1146.612,1.599183,5.087457,8.923077,13.97809,23.56781
Plate 1,mgh3_msc_26,MSC,26,M10,116,160.792,18.50943,8.73254,327.4952,2.033577,16.90984,140.7285,1.359857,8.261277,5.525233,2.813889,5.26329,2.809466,1.82963,4.325324,2.131631,1.523688,10.68256,0.36157,5.067749,19.29277,10.8488,172.975,-,63.95302,377.7928,12.14692,29.97565,32.05475,1.182688,11.48042,883.6971,1.196991,3.460985,4.898899,10.6394,24.07913
Plate 1,mgh3_msc_26,MSC,26,M11,117,159.5741,17.04528,7.450659,345.0625,2.128343,14.40543,273.3511,1.126933,7.360482,5.235594,2.637042,4.311706,2.867191,1.609597,4.847068,1.926736,1.701016,17.11135,-,-,18.27074,9.748434,147.3503,17.54721,62.33705,378.1901,12.36526,28.62305,35.03897,0.994782,11.24136,873.3696,1.219232,3.270461,5.729514,10.13618,26.66832
Plate 1,mgh3_msc_26,MSC,26,M12,118,110.7426,15.36818,-,294.6686,1.986655,12.74127,48.04582,-,6.481897,3.433045,4.160676,3.654181,-,1.240221,0.352339,1.583294,1.025261,1.504915,0.185798,-,17.3051,11.61265,126.3164,17.01992,43.51468,349.2081,9.470987,27.67955,30.82263,0.505797,8.71445,739.2298,1.066682,2.715448,4.334735,7.789715,19.01676
Plate 1,mgh3_msc_28,MSC,28,N1,119,235.3892,27.03114,8.956271,355.8202,3.518955,31.84327,260.2168,1.382208,12.4839,8.654471,3.735668,6.877925,4.442967,2.96983,20.36689,3.017232,2.539613,22.65597,0.409742,10.42039,21.18399,18.64924,209.6369,24.01413,91.28627,603.0286,15.9567,30.82552,49.9107,1.849754,14.08714,1040.756,1.447731,5.338973,9.336329,11.97088,25.72477
Plate 1,mgh3_msc_28,MSC,28,N5,123,143.2873,21.99485,9.155941,361.9576,2.44394,26.15098,269.9668,1.350841,9.338713,5.942606,3.508435,6.244338,2.826871,2.336656,6.561955,2.536918,2.270173,15.11272,0.34041,8.659558,18.00559,13.3092,201.8114,21.04925,90.56583,526.308,15.02565,29.0146,46.1826,1.335236,13.64194,1004.307,1.492667,3.966582,4.719686,11.68846,20.78217
Plate 1,mgh3_msc_28,MSC,28,N6,124,131.2409,20.87773,9.427441,330.1452,2.539677,19.54922,228.6417,0.913996,11.42452,5.663893,2.395631,6.476059,3.427955,2.387676,4.312128,2.504034,1.827327,16.35916,0.299799,7.009962,19.3599,12.58543,193.7849,21.02547,77.23169,489.9369,15.02596,29.53349,46.59106,0.989427,14.94551,1024.224,1.285659,4.723565,5.377287,10.60837,24.84366
Plate 1,mgh3_msc_30,MSC,30,N7,125,151.7328,22.4268,9.061754,343.0533,2.481977,20.00533,179.0479,1.433758,9.401901,5.601517,4.961889,5.780023,4.099219,2.048866,7.89429,2.817232,1.759187,20.6995,0.395047,5.379382,18.61936,12.31773,166.6207,-,75.09338,465.8196,15.20816,30.04778,45.35243,1.309632,14.51486,988.2065,1.470966,4.277672,7.685371,11.0103,24.88065
Plate 1,mgh3_msc_30,MSC,30,N11,129,147.079,19.15326,9.113705,390.973,2.38847,19.28661,255.6353,1.443464,8.158091,5.716236,2.803892,4.775807,3.352082,2.324417,5.807957,2.550822,1.378263,19.88013,0.2676,6.442155,20.00933,14.46756,172.6172,21.54576,75.97756,436.2955,14.45565,27.41553,39.83635,1.116179,13.21383,889.25,1.303752,3.807541,5.251514,9.071214,30.20802
Plate 1,mgh3_msc_30,MSC,30,N12,130,169.836,16.30077,7.470359,316.0468,2.220818,13.44658,137.2292,1.109899,10.12827,4.616681,2.737434,5.099117,3.246978,1.324506,2.937164,1.874786,1.622226,8.812611,-,4.925623,18.03418,12.73757,162.0023,18.20799,59.37028,366.1773,10.96774,27.60137,36.67518,0.93964,11.38684,891.2781,1.217341,2.999389,4.366763,6.973391,23.28253
Plate 1,mgh3_msc_33,MSC,33,O4,134,-,25.71685,2.187882,431.4292,2.495877,26.45673,126.7042,1.123151,10.78455,5.041068,3.419036,4.928229,-,1.933715,6.474276,2.880017,2.313222,5.286894,0.238374,5.845683,25.89898,11.75662,261.3056,31.63064,74.93257,373.5153,21.18444,29.10064,60.26363,1.416283,16.05974,925.0664,1.171433,5.066141,6.651442,15.02242,30.07964
Plate 1,mgh3_msc_33,MSC,33,O5,135,-,19.42349,8.290513,402.5063,0.971905,27.39667,165.185,2.171543,13.34575,6.100028,4.488399,8.19263,-,1.712572,3.207034,2.3181,2.097066,12.83655,0.397273,5.78556,20.58476,7.752315,183.2316,23.37583,71.12609,485.3871,13.98893,29.20874,46.05526,1.699357,15.54011,1043.108,1.615124,2.80874,6.294041,12.71784,28.01678
Plate 1,mgh3_msc_33,MSC,33,O6,136,219.5956,23.96493,5.92371,311.3853,2.250369,23.41769,98.41349,1.614057,5.929499,5.127197,3.003636,5.570158,3.062871,1.786113,2.839881,2.55906,1.92411,5.783621,0.429301,-,17.03061,11.48823,188.6258,-,72.05603,413.5654,13.75014,28.43162,34.18467,1.044521,17.07434,929.9964,1.36568,3.632192,5.466756,9.030678,25.59069
Plate 1,mgh3_dual_03,Dual,3,I1,59,182.7434,24.32772,13.34469,416.5203,3.144673,26.03978,208.1196,1.311634,13.59651,7.317441,4.336079,8.283646,9.725081,2.733045,6.438549,4.360405,4.145761,12.80712,0.458651,10.10435,19.87265,17.74748,253.9132,-,73.06724,531.4094,17.45891,30.30152,55.7346,1.33427,11.18693,1047.984,2.004565,5.802541,7.147623,10.96343,25.96741
Plate 1,mgh3_dual_03,Dual,3,I2,60,151.8317,25.55237,10.17548,344.7073,3.040425,27.38038,19.00329,1.648031,9.68666,8.301274,3.958038,6.883664,3.027536,2.727082,2.510608,3.335415,9.668067,1.254499,0.859481,9.404505,19.81033,17.65548,325.7727,20.96896,64.72045,449.1725,15.10496,32.45209,49.29773,1.226799,16.85141,979.9814,1.489631,4.990786,8.491866,12.1082,25.96316
Plate 1,mgh3_dual_03,Dual,3,I3,61,225.5032,21.17454,10.10379,411.7581,3.124832,25.00564,212.2213,1.133941,12.01448,6.56931,4.083398,8.965408,4.713425,2.751146,5.369579,3.086846,3.93091,10.21946,0.410476,6.456056,20.06872,15.8225,280.223,27.40655,74.31974,536.6625,16.42824,30.93794,47.97948,1.425118,19.4473,1051.896,1.740533,4.777605,7.468808,13.78081,30.61642
Plate 1,mgh3_dual_06,Dual,6,I7,65,114.0102,16.43042,7.406521,356.8154,2.159977,22.76778,53.57546,1.424782,7.680207,6.212168,4.332881,5.181216,3.447281,2.07205,1.435252,2.774858,2.437873,2.113227,0.255527,5.182168,18.65706,12.59748,209.9931,20.40538,58.47892,509.7219,14.9819,30.26306,44.24467,0.91483,12.2699,943.226,1.274805,3.643111,5.570356,11.05629,26.90723
Plate 1,mgh3_dual_06,Dual,6,I8,66,165.1645,15.18601,7.224313,326.9229,2.137119,16.71971,23.88149,1.460746,9.466988,5.284498,109.6335,3.679149,125.5428,1.739517,0.939728,2.619496,5.381854,0.964536,0.571593,5.86086,20.45854,13.93836,178.9124,20.45268,46.95502,428.3257,11.4472,30.64471,34.71224,6.506959,12.42629,884.3664,1.329649,3.170052,5.16851,11.15833,20.93305
Plate 1,mgh3_dual_06,Dual,6,I9,67,149.8784,15.0068,9.661737,337.1038,2.103133,15.57034,24.85585,1.453441,10.23456,4.939944,2.385041,4.438882,-,1.480869,0.401363,1.885527,1.787561,0.470924,0.2238,-,19.01218,11.06551,190.5116,-,47.07217,408.6478,12.71303,26.69513,33.79158,0.721295,12.51752,794.8216,1.137542,3.040629,3.391838,7.894709,22.56345
Plate 1,mgh3_dual_08,Dual,8,J1,71,284.9872,22.5936,15.77386,378.3185,3.26099,41.49258,41.68082,2.025088,13.31078,8.140818,5.052286,6.506065,4.741096,2.699625,16.3808,4.09525,3.364461,4.734931,0.396341,12.94388,21.04187,15.40779,230.3558,23.65257,96.31847,526.5522,19.78879,33.62797,54.8916,1.158943,13.00418,1053.513,2.068281,5.036013,13.81658,16.1181,29.22166
Plate 1,mgh3_dual_08,Dual,8,J2,72,159.9094,21.68373,9.802927,369.2298,3.2053,20.27787,96.9614,-,18.92038,8.34257,5.094303,7.284458,5.709624,2.52575,7.439979,3.495351,2.937527,6.55568,0.193758,6.157963,19.16256,16.13337,248.2495,18.67367,77.40743,587.1638,16.25027,31.88699,54.8586,1.205606,16.59173,1062.058,1.166569,5.09814,6.874366,15.80649,18.42872
Plate 1,mgh3_dual_08,Dual,8,J3,73,198.4006,21.84548,10.33161,354.7286,2.865371,30.47398,385.321,1.669666,12.3931,8.355505,3.872654,8.047738,3.384978,2.955156,8.941687,2.819901,2.359961,26.24839,0.184218,9.503637,19.66661,13.84091,236.8232,26.72937,85.89637,570.0788,15.94579,29.2399,54.73824,1.483279,17.86374,1099.42,1.561806,4.358188,8.395199,12.15241,22.63858
Plate 1,mgh3_dual_10,Dual,10,J7,77,171.3647,20.00444,10.24923,362.2642,2.638014,27.57341,141.6876,1.201317,12.52628,5.658052,2.844949,6.346794,2.782052,2.147004,7.349221,3.374239,2.165593,17.09124,0.233272,7.933666,21.09532,14.06632,163.1321,22.92759,86.97546,484.7562,16.82704,29.705,43.99235,1.303345,13.35733,1070.135,1.438888,4.417132,8.722991,13.3226,27.0061
Plate 1,mgh3_dual_10,Dual,10,J8,78,136.7518,16.43485,7.558865,361.9897,2.217491,21.57087,152.1784,1.359114,7.351282,5.456213,7.147379,4.872338,2.932033,1.565553,2.74283,1.977087,1.822043,9.657384,0.227463,5.768883,18.63218,11.12506,154.4826,18.90137,59.0559,400.2868,13.01625,26.4788,35.90759,0.989323,13.75791,851.9534,1.184968,3.170648,4.064535,10.0914,16.73147
Plate 1,mgh3_dual_10,Dual,10,J9,79,150.8171,16.80495,6.614168,329.8383,1.962204,20.90972,207.4152,0.873188,7.525786,4.811514,2.314955,5.513448,2.846787,2.043783,5.797713,2.193312,1.772561,17.33664,0.203682,5.643927,18.7119,11.26681,148.2774,19.51047,66.27989,352.9376,12.89638,26.35373,40.34684,1.000669,7.911936,806.8887,0.907527,2.797466,7.944608,9.110788,-
Plate 1,mgh3_dual_14,Dual,14,K1,83,241.2973,26.97688,11.30926,391.1656,3.496906,50.81381,145.3224,2.498048,11.16813,8.358942,4.965633,9.137732,7.142598,4.029613,17.99099,3.550615,3.419063,11.63761,0.61872,10.87767,22.19232,17.06172,305.4755,33.6809,98.76143,648.8702,26.44015,33.36868,58.53397,1.339016,19.33383,1134.321,2.362506,7.862181,7.378231,12.27994,33.0998
Plate 1,mgh3_dual_14,Dual,14,K2,84,189.4317,24.62406,12.1235,373.1455,3.11838,41.97294,86.2044,1.274232,16.69083,6.461478,3.945357,5.208062,3.898014,2.747122,8.047276,2.459722,3.126953,9.269,0.278413,6.04294,23.00981,12.21392,293.4504,28.26106,81.22332,504.5477,14.52672,33.19307,44.05664,1.070987,18.04746,1044.119,1.089107,3.523447,5.041218,17.03507,19.80679
Plate 1,mgh3_dual_14,Dual,14,K3,85,205.3569,20.89894,7.636253,394.1585,2.788188,26.79319,238.1711,1.692853,11.46431,6.340957,4.73116,8.413481,2.507181,2.693675,5.637286,2.664644,2.097357,16.1039,0.32384,9.100893,20.7104,15.94509,207.6959,22.86191,81.39912,451.2242,16.87424,30.75126,51.21521,1.383804,12.86311,1035.385,1.586853,4.695505,5.587493,12.34836,22.65789
Plate 1,mgh3_dual_16,Dual,16,K7,89,134.3419,17.85203,8.476401,328.7095,2.756025,22.60647,100.2815,1.163538,11.18346,5.186086,3.51451,6.113301,3.18248,2.181156,2.67391,2.712646,1.835894,6.483359,0.241611,6.115312,19.78065,11.83136,168.7009,18.46029,67.03821,460.1857,14.45094,28.31812,48.10195,0.765609,13.79534,960.3207,1.327691,4.024686,6.693928,12.51161,23.85882
Plate 1,mgh3_dual_16,Dual,16,K8,90,121.2904,17.32593,6.181519,357.48,2.340292,19.55844,115.8231,1.48721,10.70662,5.445877,3.471307,6.497699,2.781353,1.972899,1.434494,2.26391,1.822748,3.929653,0.297709,6.54926,19.27203,12.94323,153.04,-,60.10055,410.098,12.20378,28.31442,36.40018,0.778399,12.01853,934.2202,1.456931,3.424939,4.602498,10.78354,20.02839
Plate 1,mgh3_dual_16,Dual,16,K9,91,-,15.32539,5.708547,327.4618,2.267163,17.39753,41.63341,1.06729,9.802319,4.558817,2.566331,5.58833,-,1.894101,1.67641,1.911018,1.384185,1.920899,0.234409,6.962537,18.22786,11.27842,155.9538,-,52.94108,345.0837,12.22657,28.51379,32.93598,0.834764,10.47668,821.3568,1.13253,3.100266,4.579652,10.73071,19.47236
Plate 1,mgh3_dual_19,Dual,19,L1,95,270.6657,27.92713,11.05929,420.5941,3.632321,37.57673,182.1898,2.363128,14.69707,9.213108,3.858666,9.522092,4.402561,2.98798,15.55733,3.429041,2.97034,11.6542,0.374449,11.51276,22.08616,16.3293,212.0357,26.12617,106.9972,590.6383,19.95305,31.62256,53.99609,1.325728,30.14195,1221.133,1.995899,4.674545,8.15388,13.86663,34.69809
Plate 1,mgh3_dual_19,Dual,19,L2,96,292.8717,20.95192,8.771011,341.2767,3.789334,25.77033,265.5961,1.111583,9.264283,6.216495,6.56414,11.793,8.086884,1.544859,2.085526,2.379908,2.947771,4.575058,0.250136,8.93077,22.58455,14.20042,186.2284,23.89276,72.55535,391.1495,8.586288,33.30486,29.60869,1.295038,15.97814,1051.015,0.883083,5.481373,5.561382,17.02847,42.78498
Plate 1,mgh3_dual_19,Dual,19,L3,97,182.4219,20.39102,13.16035,365.6731,3.032281,29.29448,170.1672,1.697599,11.00694,7.524526,3.780505,5.267217,4.460168,2.840606,6.139282,2.760072,2.458056,10.51915,0.114498,8.228199,21.50714,15.96662,203.8846,26.54934,78.86783,558.6425,16.25042,30.69079,47.71453,1.214293,18.12511,1089.161,1.53769,4.527028,6.951396,11.46379,25.98663
Plate 1,mgh3_dual_21,Dual,21,L7,101,124.7518,18.26528,9.367828,335.076,2.538508,21.75369,112.4927,1.047053,10.43404,5.519651,3.028583,6.520127,-,1.895846,3.587037,2.188189,1.496368,6.158812,0.175494,6.341435,18.5381,14.56405,167.6596,20.57211,64.0141,459.8905,13.90994,30.09256,48.94052,0.88473,11.05403,1027.348,1.082265,3.622243,6.325464,8.916059,20.68901
Plate 1,mgh3_dual_21,Dual,21,L8,102,111.1371,15.06062,5.508693,350.3284,2.34078,19.2157,72.01759,1.033329,7.751239,4.353074,4.552374,4.088156,3.481678,1.726908,1.353397,1.893536,1.406905,2.469871,0.138864,5.978099,20.31072,10.79421,160.9595,-,51.04624,414.2022,13.3628,28.96741,39.13832,0.891068,11.20859,850.2512,1.353983,3.140601,4.53945,7.193246,19.80347
Plate 1,mgh3_dual_21,Dual,21,L9,103,185.8621,15.207,11.36885,334.8462,2.48298,17.27659,88.74867,1.065755,8.322491,4.327939,2.693233,4.397594,-,1.53316,1.634427,2.004282,1.675192,4.02979,0.215567,-,19.29385,12.00631,155.1503,17.43459,48.77453,426.0424,12.19992,28.23131,37.10293,0.858188,9.367358,864.5221,1.39193,2.923795,3.239465,8.748631,21.1664
Plate 1,mgh3_dual_23,Dual,23,M1,107,177.0286,23.25427,10.61938,373.6341,2.856524,32.61369,160.8561,2.167986,10.81698,8.068968,3.792492,7.541078,4.217252,3.135744,8.426905,2.731809,2.499056,8.752079,0.42927,10.33979,22.17033,14.72299,248.6889,25.76503,78.37304,559.596,19.94214,30.00535,52.01801,1.751511,20.4549,1154.731,1.397345,5.537054,7.411833,15.22855,25.14093
Plate 1,mgh3_dual_23,Dual,23,M2,108,281.0357,22.90632,11.14227,392.6,3.163668,40.06969,80.10107,1.660149,13.46408,7.088275,5.018904,8.255199,4.282708,3.331903,8.013184,3.435426,2.287394,5.853557,0.356637,10.20274,22.96221,15.63055,270.8398,24.05603,85.71468,593.6394,18.40118,32.17176,49.866,1.301501,16.0263,1075.101,1.606506,5.187316,9.126123,14.89257,22.87228
Plate 1,mgh3_dual_23,Dual,23,M3,109,214.8592,20.85665,8.469497,389.8502,2.593385,27.14792,195.0031,1.449786,11.02295,6.680987,3.242916,6.324799,4.283824,2.510603,3.563205,2.871606,1.713265,6.175412,0.451492,6.473437,19.50392,14.36218,216.2359,-,65.42959,481.4245,16.53853,29.36908,49.07758,1.166812,14.08491,1029.329,1.21934,4.491385,6.922938,12.75857,26.09436
Plate 1,mgh3_dual_26,Dual,26,M7,113,-,21.21194,5.24585,379.6208,2.388,23.03185,182.3398,1.058502,7.517977,6.153243,8.031467,5.327701,2.665174,2.91239,6.213382,2.207536,1.918028,15.07303,0.497027,8.114192,17.61569,12.03213,185.5504,23.3973,87.72408,489.7675,15.57926,29.70069,48.60221,1.365909,15.16176,971.2803,0.927233,3.497989,6.213143,13.19345,17.60295
Plate 1,mgh3_dual_26,Dual,26,M8,114,-,19.17702,5.882026,328.3505,2.348328,18.53199,170.3945,1.107135,7.783508,4.550859,5.447971,5.352397,2.743859,1.807455,5.70009,2.482274,1.750731,14.15402,-,6.109222,19.73329,10.64035,180.5139,-,70.94421,403.6071,13.69399,27.77,33.01871,0.924602,15.34676,941.7823,1.095827,3.064424,4.671813,8.578192,23.10388
Plate 1,mgh3_dual_26,Dual,26,M9,115,150.0009,19.52795,10.74054,351.5543,2.564149,18.77547,155.2235,1.532269,8.036893,5.703912,3.375585,4.708179,2.951182,2.160742,7.382961,2.384164,1.897254,11.46447,0.19043,-,21.26845,11.27903,179.5078,21.63805,71.90575,394.161,14.78705,27.60639,37.62994,1.237854,13.39375,885.0586,1.208759,3.528359,4.714391,10.71868,24.64482
Plate 1,mgh3_dual_28,Dual,28,N2,120,230.1621,21.15283,9.745687,403.0095,2.112138,35.4984,132.6622,2.222587,12.39671,6.85891,3.335299,4.622896,3.130576,3.427177,15.10638,2.556573,2.035999,12.01878,0.285891,7.813,22.8167,16.74619,198.5376,34.18208,89.28585,490.6832,16.0936,28.54193,45.45275,1.502952,14.48068,1246.231,2.041777,4.542644,4.416975,13.20151,29.99044
Plate 1,mgh3_dual_28,Dual,28,N3,121,188.3556,24.81499,13.5254,391.9982,3.200843,29.17717,303.4683,1.635002,10.93118,8.221897,3.547864,7.916219,3.617696,2.981783,10.69493,3.074459,3.448853,30.9319,0.21928,8.309141,22.10583,17.90631,238.1566,24.26912,118.604,602.7103,18.09823,32.0155,49.92944,1.550412,22.96133,1145.609,1.642753,5.639833,8.441329,15.3678,31.28036
Plate 1,mgh3_dual_28,Dual,28,N4,122,-,22.9202,14.66906,377.616,3.189636,23.07587,612.8763,-,10.77459,6.521572,1.745666,10.23808,5.234148,3.373634,11.04819,2.404719,1.915625,12.02142,0.2714,9.694748,17.59696,13.39041,259.6333,45.75471,75.57377,344.1883,18.03734,27.48023,36.46062,0.929553,16.18709,993.878,0.760973,3.36755,10.58324,17.75557,-
Plate 1,mgh3_dual_30,Dual,30,N8,126,195.4059,19.86126,8.882654,333.516,2.365903,18.2207,187.6433,1.407263,6.453046,5.516963,3.13753,6.146312,2.625135,2.137695,5.648575,2.427696,1.839475,10.18644,0.300124,6.651905,19.88817,13.7645,180.9064,-,68.57002,403.6173,14.56473,28.95343,43.10305,1.150985,15.72853,900.4903,1.165131,3.447847,6.013229,11.53291,30.33526
Plate 1,mgh3_dual_30,Dual,30,N9,127,142.2712,19.4376,8.783101,351.2007,2.662575,19.0173,127.4836,0.943755,4.853141,5.667487,2.770259,4.053848,2.6394,2.000738,6.073996,2.300424,1.691069,11.60404,-,5.39967,18.65057,12.12924,166.1433,-,63.54629,379.863,16.84611,27.52754,42.52125,1.001163,11.34529,931.7463,1.10401,3.62199,4.858658,10.06258,29.18323
Plate 1,mgh3_dual_30,Dual,30,N10,128,115.0164,19.22235,8.867829,345.8855,2.205228,17.68809,174.8859,1.286157,8.204683,6.18864,3.367492,6.870111,-,2.234218,7.504482,2.344383,1.817576,15.47789,0.181312,6.198213,19.05876,11.14155,166.1172,-,80.20197,462.5231,13.30669,28.54216,40.84412,1.171769,14.41173,935.4885,1.329374,3.477976,5.949782,11.47856,26.68251
Plate 1,mgh3_dual_33,Dual,33,O1,131,212.4767,26.37574,9.847945,428.2785,3.059555,29.49151,232.8195,1.182813,12.62383,8.693955,4.455506,5.364421,3.682201,2.087722,16.52725,3.273617,2.607455,18.9458,0.46981,10.24548,22.33056,16.42018,217.1904,26.65736,80.31377,543.4901,16.10026,30.75036,59.24395,1.60495,17.40034,1144.618,1.9375,5.094502,10.69148,14.31262,23.36233
Plate 1,mgh3_dual_33,Dual,33,O2,132,206.6812,21.75609,-,335.5586,1.13271,45.50027,210.2687,2.1782,9.271187,6.992518,4.218951,6.563398,5.12764,1.819888,30.04869,3.168985,2.589698,13.89528,0.137326,9.203917,19.83022,9.111075,101.8717,-,65.22193,679.6919,14.89451,28.85687,48.19966,1.953221,10.2573,1021.304,2.144297,2.886385,7.929801,27.07255,42.09102
Plate 1,mgh3_dual_33,Dual,33,O3,133,188.7073,24.26336,9.008025,381.6778,2.382796,26.59497,415.511,2.461996,12.20063,5.583569,3.591559,6.324203,4.958809,2.068777,8.601874,2.981624,1.976371,42.3597,0.52801,6.681733,23.4859,13.08956,224.9204,20.2192,73.15508,519.3221,16.92362,27.82724,46.18179,1.283586,14.35472,1073.055,1.152165,3.9807,6.239983,14.44862,32.29326
Plate 1,uci_msc_03,MSC,3,A16,218,139.2155,17.1345,6.929713,324.284,2.292015,16.7305,106.7374,1.297809,11.35286,3.956844,2.759406,3.732676,-,1.941013,3.590919,2.019049,1.849184,6.793981,-,-,18.61688,11.5321,160.5373,-,49.29607,451.5481,12.6801,28.71741,39.24864,0.77409,6.969696,905.1789,1.229667,3.600917,4.552513,9.818479,15.89376
Plate 1,uci_msc_03,MSC,3,A17,219,110.7357,15.50205,8.924429,345.2074,1.901666,15.60837,119.5937,0.982756,6.655107,3.890016,1.881717,4.492127,2.626634,1.7709,1.288848,1.939076,2.369066,3.828473,0.198969,5.120019,19.16102,11.17838,174.6565,-,44.18133,365.4889,12.67783,30.09278,29.05693,0.675093,8.896078,849.5033,0.75332,2.755223,5.73686,8.096321,20.63773
Plate 1,uci_msc_03,MSC,3,A18,220,-,15.27552,7.528585,333.5019,1.909293,15.07632,55.29721,1.271803,9.919721,3.629855,2.413618,3.893274,-,1.868907,2.035022,2.014994,2.374945,3.029223,0.158674,5.729342,17.90451,11.86047,159.0584,18.55444,48.24961,369.8265,13.47431,28.4539,34.70527,0.877724,11.52419,958.1049,1.088938,3.671464,6.821091,9.806841,16.93825
Plate 1,uci_msc_06,MSC,6,A22,224,-,16.79412,6.200715,313.3496,2.248108,14.42717,197.4648,1.30314,9.335595,3.740293,2.184107,4.23896,-,1.860937,5.161843,2.260842,1.699271,15.10535,0.257262,-,18.25818,12.99939,180.0695,18.53346,49.68204,431.0877,15.5043,27.20457,37.64068,0.926087,13.28588,939.9482,1.225958,3.141681,6.0999,10.58515,17.08739
Plate 1,uci_msc_06,MSC,6,A23,225,-,15.94133,3.958085,336.7433,2.191472,14.22975,187.4211,1.225496,4.822787,4.227479,2.296951,4.167739,-,2.059973,2.75221,1.839831,1.344266,11.27419,0.237714,-,17.98779,11.69518,187.7109,-,61.55995,368.3526,12.58429,29.18053,38.54794,0.934283,13.66752,906.6402,1.429971,3.363727,6.594267,10.62957,16.2683
Plate 1,uci_msc_06,MSC,6,A24,226,144.5126,17.03545,7.076281,327.3342,2.104337,15.31515,36.09299,1.179969,7.425855,4.149577,2.387111,3.65293,2.867679,1.766453,3.387152,2.040639,1.570846,3.480688,0.183486,5.25108,19.10863,10.47254,164.9566,-,51.612,411.0077,13.23904,27.31671,37.05067,1.150099,10.77832,948.1209,1.224378,3.056637,5.499856,10.31013,-
Plate 1,uci_msc_08,MSC,8,B16,230,134.831,12.2232,5.852279,336.7533,2.866743,16.4338,80.36487,-,4.854234,3.824046,4.86667,4.035918,-,1.904294,3.445813,2.259752,1.401727,5.55527,0.492592,-,19.20593,11.02265,152.9393,-,52.04104,320.3744,10.97073,27.05439,34.15702,0.82605,7.299548,897.342,1.730413,3.302708,6.989297,9.368783,19.63188
Plate 1,uci_msc_08,MSC,8,B17,231,-,15.27696,-,325.5355,2.095244,16.34961,156.5552,0.921907,7.091227,4.089818,2.519899,4.660759,-,1.742321,2.175949,1.489628,1.323081,5.687063,0.183838,-,18.0289,9.013911,184.643,-,44.97214,388.9158,11.61279,26.68671,29.62125,0.786876,11.80905,822.9616,1.019395,2.537698,4.306686,10.18841,15.50712
Plate 1,uci_msc_08,MSC,8,B18,232,115.6788,13.19034,4.492695,309.0888,2.405182,14.7316,211.9246,1.048114,6.823143,3.263913,2.382556,3.278878,-,1.715322,1.863566,1.757252,1.265459,14.91832,0.181678,-,17.06057,8.701884,126.8132,-,49.2492,321.76,10.82044,27.22128,34.37584,0.896458,11.15357,856.9411,1.064425,2.67372,4.072548,5.688033,13.36832
Plate 1,uci_msc_10,MSC,10,B22,236,-,11.90282,-,237.1535,0.721023,-,-,-,2.991368,-,-,-,-,-,-,7.028508,-,-,0.171653,-,15.14092,3.729996,-,-,-,-,-,20.14985,-,-,-,-,-,-,4.138026,-,-
Plate 1,uci_msc_10,MSC,10,B23,237,-,15.47492,5.265774,317.3787,2.149549,16.14262,278.6533,0.883563,7.382283,3.834447,2.134793,5.29674,2.950694,2.056042,2.248825,1.697446,0.793776,21.21174,-,6.484702,18.13731,11.23154,168.3084,-,65.66039,341.1586,13.74238,27.67488,35.4649,0.889994,14.846,952.1816,1.105545,3.158003,4.538633,9.137019,16.08238
Plate 1,uci_msc_10,MSC,10,B24,238,-,27.58425,-,230.5877,0.820516,-,-,-,3.66623,-,1.030404,-,-,-,-,19.01143,-,-,0.145837,-,15.96092,13.70614,29.72173,-,9.380519,-,10.09841,24.48371,26.14979,0.322871,-,59.69586,-,-,4.809649,2.35734,-
Plate 1,uci_msc_13,MSC,13,C16,242,138.0276,15.1532,2.340784,320.5201,2.069067,18.00272,213.2095,1.167747,6.043477,3.976158,3.416893,5.101156,2.610556,1.870456,2.654544,1.616675,1.366947,9.396736,0.155312,-,17.8965,9.004245,150.2971,-,45.60926,317.3993,11.66623,29.38104,30.69096,0.743924,9.016231,760.8809,1.19735,2.951235,7.004511,8.693828,13.45115
Plate 1,uci_msc_13,MSC,13,C17,243,133.3443,17.30393,5.995526,339.2137,2.100978,13.75206,225.6559,1.313769,7.458339,3.449547,3.485211,3.561789,3.140447,1.893413,3.913718,2.026884,1.381367,11.4617,0.30468,5.550093,18.05734,11.6977,159.1078,-,54.48804,388.8676,12.51917,26.77181,35.95105,0.758839,10.55023,900.8217,1.38785,2.680472,3.886552,9.474957,14.78257
Plate 1,uci_msc_13,MSC,13,C18,244,150.718,18.77962,5.084941,312.7621,2.10376,16.56439,149.9354,1.085311,7.516617,4.05999,2.291128,3.860183,-,1.75047,4.236395,2.209703,1.321082,11.49933,0.271632,5.175063,17.90117,11.12463,154.6637,-,56.7823,399.8855,13.21661,28.98012,35.0135,0.970682,12.68191,905.5514,1.185854,2.985248,5.842073,9.782922,16.43249
Plate 1,uci_msc_15,MSC,15,C22,248,135.8469,15.34194,7.94804,308.7572,1.969743,18.39264,14.86526,1.004605,7.887102,3.26825,2.126408,3.605789,-,1.877033,0.805565,1.862891,1.163816,0.970917,0.241377,-,18.5043,9.186523,172.1653,-,57.0513,396.3968,14.41092,26.2425,38.29261,0.896871,8.509183,972.8266,0.928679,3.149267,3.492393,10.03668,13.90168
Plate 1,uci_msc_15,MSC,15,C23,249,-,16.41534,2.534004,333.2546,2.10052,15.41002,192.0135,1.389971,8.95521,3.822199,3.381656,4.363283,-,2.267229,2.830704,1.755172,0.911834,17.45986,0.142266,5.756068,18.95626,11.64222,140.3364,-,59.84404,433.1304,14.20281,25.96835,41.17224,0.823562,12.91455,1011.782,1.159643,3.301142,2.672627,10.19263,-
Plate 1,uci_msc_15,MSC,15,C24,250,-,15.40783,3.833017,298.3261,2.209654,18.1329,56.23828,-,8.045632,2.731368,2.032978,4.341985,-,1.672388,0.782221,1.661705,0.951276,4.356234,0.154618,-,17.7669,11.06869,135.7707,-,49.86906,379.3153,13.8545,27.77012,37.20241,0.800011,8.6867,898.1359,0.945748,2.443776,3.255398,11.16843,-
Plate 1,uci_msc_17,MSC,17,D16,254,-,14.45409,7.655012,302.313,2.311966,15.4056,519.5414,1.10953,5.167731,3.824695,10.18491,4.118465,-,1.908771,5.614127,1.495615,1.497486,34.33912,0.382338,-,17.74571,10.1678,117.6874,-,54.03788,349.7881,10.39306,26.88518,34.69829,0.945276,11.52291,754.4453,1.264499,3.193645,4.682715,8.9437,13.68236
Plate 1,uci_msc_17,MSC,17,D17,255,-,16.2535,8.017373,328.9613,2.081056,15.61294,262.793,0.952867,6.854156,3.320838,2.872277,5.305088,2.883898,1.77977,4.192077,2.0871,1.270183,14.28041,0.140238,5.860171,17.88001,9.861655,149.9679,-,48.01132,428.8089,12.27379,28.00832,40.63724,0.864194,9.043008,814.8269,0.932293,3.370268,5.69881,8.128356,-
Plate 1,uci_msc_17,MSC,17,D18,256,110.3082,15.82876,6.257932,344.5326,2.126919,13.65573,216.6761,0.983184,7.224342,3.815319,1.893413,4.67396,-,1.654384,4.882637,2.096688,1.440569,15.15314,0.167743,4.91174,19.73107,11.14418,143.0912,-,53.67359,406.0299,12.12384,26.75665,33.81797,0.802925,10.03976,842.0086,1.288671,2.398175,4.155504,9.706501,14.50437
Plate 1,uci_msc_20,MSC,20,D22,260,127.4155,18.66211,4.586601,327.1235,2.285497,20.15811,491.2085,0.909348,8.102059,3.471878,2.611207,5.144719,3.373327,2.365505,9.354519,2.075098,1.162786,56.18953,0.160743,5.911655,19.814,12.25382,150.3157,18.72971,69.44573,361.772,14.07396,27.58125,37.83323,1.247219,12.35348,929.5352,1.23352,2.49776,5.437988,12.67474,17.30422
Plate 1,uci_msc_20,MSC,20,D23,261,118.2779,18.09488,6.191708,335.1232,1.929358,22.04433,467.1713,1.11424,6.387102,3.563588,3.617954,5.138155,2.573098,2.308216,5.924775,2.028653,1.384739,46.57638,-,6.319086,18.37782,10.12792,153.5389,17.99969,62.64018,431.8854,14.61676,26.05468,33.79488,1.093657,12.75439,1003.701,1.172487,2.739764,3.789228,8.534592,-
Plate 1,uci_msc_20,MSC,20,D24,262,120.8073,16.83677,5.710586,309.4047,1.919447,17.42551,267.287,0.984922,10.15486,3.924767,1.910032,4.745132,-,1.81131,6.310286,2.147421,1.086682,18.65022,0.223058,4.9647,18.90231,11.42155,163.9781,-,64.52958,374.5247,13.56239,26.82225,35.69794,0.957289,13.86876,928.5946,1.161752,3.280334,4.581284,11.29172,-
Plate 1,uci_msc_22,MSC,22,E16,266,112.1143,13.88998,5.806512,321.3244,2.254045,14.77999,166.376,1.09275,4.542343,3.825088,3.401238,3.854585,2.69489,1.763265,1.860154,2.025646,1.281017,6.931358,0.125599,6.655111,18.51227,9.053966,131.4244,-,49.42809,287.2202,10.68904,27.8009,36.96498,0.622515,10.47611,867.0697,1.105041,2.753391,6.272622,8.512637,13.73
Plate 1,uci_msc_22,MSC,22,E17,267,-,13.86806,6.86202,336.587,2.13661,15.52539,176.7149,1.760876,6.329073,4.0522,2.546726,7.222142,2.7207,1.892258,3.160518,1.924094,1.323029,10.27232,0.200212,-,19.93708,9.493851,142.6072,-,51.1602,369.9577,14.95233,26.83373,36.12076,0.813345,10.49905,900.3254,1.086946,3.591364,5.440107,6.812748,-
Plate 1,uci_msc_22,MSC,22,E18,268,174.9747,18.44989,7.712739,330.8555,2.618214,20.56545,176.232,0.96835,9.534787,4.367548,2.960343,5.107371,2.777308,2.457129,4.620011,1.841092,1.717633,12.13308,0.319194,8.353822,18.80923,12.03385,182.2081,18.86837,66.78967,426.0307,15.48387,28.79234,40.66181,1.107212,11.29946,1026.603,1.017375,3.798711,4.871871,9.61163,18.62726
Plate 1,uci_msc_27,MSC,27,E22,272,-,17.95641,7.663144,326.0875,2.324619,23.15135,288.5206,1.407009,8.003942,4.387765,1.988089,5.332322,-,2.057902,8.021879,2.554411,1.177661,27.60831,0.200962,5.25922,18.89529,11.50916,155.3437,-,59.82274,368.9203,15.93028,28.84298,38.48468,1.020147,11.63001,1023.736,1.315268,2.493261,6.586683,10.79996,-
Plate 1,uci_msc_27,MSC,27,E23,273,-,17.11298,13.24378,356.4688,2.820817,21.21856,343.2184,1.319607,12.52,5.347336,4.055215,6.161676,3.713599,3.564949,7.15561,2.557713,1.412108,32.7612,0.300009,6.109775,19.70795,15.9055,210.9073,19.42887,72.78893,506.9413,18.36055,28.7112,47.03758,1.278197,12.69726,1056.655,1.219388,4.361763,7.214649,9.537631,23.24474
Plate 1,uci_msc_27,MSC,27,E24,274,-,17.8532,7.750582,320.6528,2.574092,16.80767,211.1999,1.011297,11.0951,3.691322,2.848658,5.16277,-,1.865618,5.123215,1.741779,1.285221,29.86495,0.146947,-,19.2459,10.44277,151.3043,-,62.12828,387.7235,14.43333,26.60363,33.57755,0.952264,14.87511,972.9095,1.011917,3.122994,5.408602,11.7418,-
Plate 1,uci_msc_29,MSC,29,F16,278,-,12.96176,7.962626,315.1467,1.918045,14.84942,169.1988,-,5.746747,3.863481,4.510529,3.834288,-,1.351016,1.423382,1.417308,1.303342,8.458671,0.235738,-,17.43074,7.129581,116.4714,-,45.08961,284.5952,10.06896,28.0283,34.17624,0.624203,11.04204,790.8966,1.250531,2.818044,3.534889,8.528341,13.32478
Plate 1,uci_msc_29,MSC,29,F17,279,-,11.52751,4.598136,316.8659,2.350681,13.41684,201.5465,0.848513,6.982811,3.629073,2.245024,4.123059,-,1.490943,1.983563,1.488495,1.074862,13.81588,0.142549,-,17.19748,7.631239,148.4616,-,47.9841,368.951,12.74508,27.02042,37.16102,0.951439,11.14303,788.4812,1.257934,2.860267,5.684915,8.000186,15.53309
Plate 1,uci_msc_29,MSC,29,F18,280,117.6269,14.11481,6.427332,310.7363,1.961112,14.43393,213.603,-,8.358249,3.412081,3.401595,3.716169,-,1.672408,2.179551,1.871296,1.088313,14.18596,0.253727,-,16.89961,10.19564,154.084,-,46.64936,330.2329,9.685168,29.39357,35.34626,1.084308,8.618016,944.4673,0.976253,3.155474,5.757086,9.213886,16.55628
Plate 1,uci_msc_30,MSC,30,F22,284,122.9115,19.80438,6.806548,352.8897,2.195866,17.45127,239.1698,1.097311,7.948754,4.30238,3.244521,5.852559,-,2.158722,5.763812,2.557224,10.17771,19.62497,0.339961,-,17.7919,11.22238,156.6433,-,54.51442,414.8661,14.4446,26.79265,40.82842,1.194053,14.33246,891.8838,1.140179,2.735024,8.185213,9.475682,22.5374
Plate 1,uci_msc_30,MSC,30,F23,285,-,16.71503,6.568175,356.8272,2.078899,17.63965,373.5275,1.197229,6.833313,3.196881,3.058643,4.224588,2.602255,2.340563,7.100894,1.885071,14.19292,33.77986,0.708413,6.440764,19.27249,12.29066,157.9942,17.59175,65.02655,401.121,14.21303,27.82095,36.27643,1.11556,14.25732,935.9406,1.26854,3.168303,5.52891,10.91169,24.57256
Plate 1,uci_msc_30,MSC,30,F24,286,147.5036,17.9809,5.554803,317.7641,2.183323,16.78106,258.1259,1.05527,7.651599,3.246185,2.214355,4.205873,2.977622,2.218418,6.487669,2.590909,15.1192,21.26383,0.592687,-,18.40679,12.53834,148.3986,-,61.17266,392.0083,17.58472,28.20721,33.72228,1.199444,13.64823,963.95,1.224713,2.838443,5.39052,11.35465,19.65274
Plate 1,uci_dual_03,Dual,3,A13,215,111.1046,14.38788,7.888181,329.5514,2.222051,15.2717,24.08081,0.832119,7.917769,4.152391,2.521705,5.129304,-,1.790774,1.136546,2.641473,2.597459,0.454296,0.376318,6.211172,18.77528,10.99591,181.4487,-,46.23352,379.6513,12.03674,27.82211,36.85005,0.749641,6.207096,895.4162,1.184824,3.173132,6.20473,8.800405,20.05171
Plate 1,uci_dual_03,Dual,3,A14,216,123.4952,13.47013,8.767367,345.0844,2.20342,16.49835,94.08582,1.1509,6.759664,3.994316,2.792769,3.643623,2.781284,2.126934,0.75795,2.372228,2.945341,2.189781,0.121648,5.851133,17.1352,10.16707,192.149,-,49.66989,400.0637,12.48595,29.35747,44.75526,0.830049,10.06136,917.587,1.111183,4.082306,6.456051,10.35601,22.74411
Plate 1,uci_dual_03,Dual,3,A15,217,136.4692,17.24763,9.451268,330.1956,2.503334,15.86581,84.56401,1.159406,9.220535,4.827779,2.610851,5.928652,2.912117,2.054738,2.49161,2.312871,2.647349,4.314586,0.145119,5.169051,19.27387,11.0845,202.272,18.81541,53.90586,391.5145,13.46043,30.03966,38.9357,0.764178,8.039942,964.2829,0.967239,3.557816,7.433931,8.889869,20.47819
Plate 1,uci_dual_06,Dual,6,A19,221,155.7503,16.82994,5.504138,332.5805,2.225849,17.69802,246.8193,1.17117,7.080261,4.349889,2.136919,5.394631,2.580631,2.453253,6.15739,2.383384,1.651851,14.3631,0.233782,5.335401,19.56977,10.96576,185.1165,-,62.10968,487.3211,14.04855,28.89484,41.09531,0.985214,11.78664,1045.301,1.027472,4.034967,5.778113,12.13456,15.64037
Plate 1,uci_dual_06,Dual,6,A20,222,143.4158,17.13737,5.158752,345.0566,2.250301,19.27352,167.5785,1.033355,8.16614,3.556813,2.736218,6.582706,-,2.084218,5.776847,2.364069,1.659659,18.46383,0.229985,5.19939,18.11682,13.05993,176.3988,-,62.05573,399.7277,14.68303,28.04875,36.96859,0.948828,12.77901,962.8697,1.385583,3.287998,4.688521,10.99793,15.57272
Plate 1,uci_dual_06,Dual,6,A21,223,132.8096,17.93517,7.528049,357.1424,2.18738,17.6912,290.0426,1.605949,7.894686,4.877228,3.02098,4.67909,3.253083,2.448205,5.63704,2.257591,1.540264,25.75857,0.252901,5.712816,19.06523,12.98953,169.2955,17.12744,69.41927,405.4693,15.54065,29.79224,42.29533,0.99035,15.17394,997.9487,0.912409,4.188717,5.982715,10.83841,15.96929
Plate 1,uci_dual_08,Dual,8,B13,227,121.0738,15.62386,6.531384,330.1815,2.380765,14.71587,35.03331,1.291881,6.994316,4.153481,2.346297,4.667732,-,1.450513,1.666501,2.270874,1.476035,1.547446,0.23867,-,18.5091,10.8208,151.0677,-,48.81889,391.283,12.39302,25.72611,33.40315,0.723093,10.76602,772.716,0.970765,3.015644,4.132106,9.798922,19.9589
Plate 1,uci_dual_08,Dual,8,B14,228,-,14.78515,6.781076,334.8893,2.252156,13.35297,64.62261,-,9.547225,4.44422,2.774055,3.620453,-,2.039448,1.998671,2.137993,1.496755,2.829562,0.401052,-,18.28376,11.71019,149.4663,-,46.43247,329.0461,11.41293,28.67439,34.02047,0.787892,8.598719,737.4243,1.0693,2.65173,3.61751,7.488774,16.18712
Plate 1,uci_dual_08,Dual,8,B15,229,145.9179,12.87337,4.406368,323.7369,2.153375,15.59643,165.4437,0.973441,8.727342,3.926698,1.891056,3.545418,10.03185,1.926588,1.308797,1.760321,1.44754,5.110242,0.250804,4.887794,17.37408,9.763903,144.6949,-,47.43934,396.6217,10.77761,26.64945,28.48239,0.780282,9.130271,795.746,1.336683,2.952819,6.150925,11.10189,18.10629
Plate 1,uci_dual_10,Dual,10,B19,233,-,13.9291,8.922457,317.5386,2.159909,13.17432,124.5208,-,8.128405,3.636623,3.007674,4.605856,-,1.824426,1.535593,2.222911,0.833898,5.967183,0.194917,6.227669,17.44957,13.61167,148.4958,-,56.22248,433.9364,16.00246,26.47071,38.32742,0.992651,12.93648,894.6184,1.117301,3.465135,4.574552,8.868501,14.33139
Plate 1,uci_dual_10,Dual,10,B20,234,116.2439,17.7471,7.550145,321.7406,2.024476,13.78888,140.8962,1.278725,5.949752,3.615559,2.686,4.205673,-,1.729422,4.532619,1.86828,1.304926,10.53842,0.161902,-,17.39831,11.24939,146.9504,18.89191,56.64854,457.8932,13.87443,27.51021,34.18256,0.815359,9.578111,992.4841,1.002322,2.999298,5.339594,11.3306,-
Plate 1,uci_dual_10,Dual,10,B21,235,112.4772,18.82146,10.96946,324.1335,3.188292,21.49442,35.23605,1.590318,12.68869,5.614942,2.703044,4.414848,4.657106,4.279927,0.238411,2.821863,2.512085,0.995726,0.233144,8.80078,18.83754,8.563921,230.5291,24.07085,86.28641,497.7701,19.73426,30.13133,50.839,1.690114,14.08157,763.4842,1.375823,3.805415,7.506347,7.311467,26.08433
Plate 1,uci_dual_13,Dual,13,C13,239,126.3165,13.78988,3.640747,334.9044,2.129088,13.49186,143.2727,1.459123,7.24962,3.600723,2.40918,3.80079,-,1.776086,2.023114,1.728805,1.425123,8.320334,0.316514,-,17.90234,11.12249,158.4596,-,50.68276,367.3663,11.87551,26.39652,36.62035,0.66383,12.18484,869.6989,1.055454,3.342701,3.128739,6.789828,15.67241
Plate 1,uci_dual_13,Dual,13,C14,240,-,14.90707,5.443247,302.2607,2.193229,16.71069,114.7775,1.414294,5.985299,4.047377,3.358208,4.172082,2.829801,1.673572,2.352381,2.158808,1.454012,6.63447,0.187723,5.074298,18.65436,9.860442,143.5282,-,49.70449,388.3494,13.07622,27.68469,33.26511,0.671879,11.25574,905.8877,0.982053,3.511686,4.921453,10.74233,18.11937
Plate 1,uci_dual_13,Dual,13,C15,241,148.5591,16.09592,3.553517,349.8431,2.120242,14.09643,180.66,1.077415,9.633245,3.897066,29.28383,5.556751,3.384489,1.573784,2.361142,2.071945,1.439233,8.562063,0.241664,-,18.74325,10.85069,153.4908,-,51.33298,385.2577,11.95595,27.23598,36.17367,1.180128,10.8914,800.3331,0.807071,3.013326,5.952594,9.657242,13.55743
Plate 1,uci_dual_15,Dual,15,C19,245,121.3491,17.08194,4.491778,316.5109,2.118173,15.30602,267.9841,1.177542,8.390647,4.17463,2.730644,4.773964,-,2.004838,2.390651,1.916302,1.180205,15.35917,0.135065,-,18.44131,11.20111,155.206,-,61.88337,461.3065,14.24564,28.96558,38.74404,1.028374,11.04033,939.455,1.061879,3.216461,4.968162,11.20957,14.62104
Plate 1,uci_dual_15,Dual,15,C20,246,138.3244,16.20854,8.393352,329.9675,2.195461,16.28966,169.6186,0.91883,3.076706,3.453654,2.457234,5.110905,2.733396,2.386876,3.913131,2.263699,1.106584,11.28309,0.276948,5.872383,17.74524,10.96808,189.8519,-,57.36243,350.7674,13.84723,28.73052,36.1552,0.903361,12.96486,906.8286,1.083778,3.086892,4.43977,8.510555,16.04093
Plate 1,uci_dual_15,Dual,15,C21,247,161.3143,16.86459,7.471255,320.8713,2.310098,19.91274,126.4256,1.093647,8.561997,3.779466,1.819426,5.525863,2.623914,1.772445,2.899946,2.162139,1.189824,13.79394,0.419186,-,18.50399,8.971388,177.2071,-,56.16403,452.7441,13.87848,26.7846,39.72072,0.990191,10.65424,978.8611,1.024924,2.695829,3.95554,9.681143,15.07569
Plate 1,uci_dual_17,Dual,17,D13,251,-,11.91963,2.752285,329.6373,2.353134,11.61029,161.5609,-,3.408179,3.294786,2.274516,4.540974,-,1.440858,1.600422,1.167269,1.058817,4.462457,-,-,17.91758,8.54109,141.0323,-,38.32679,298.4215,9.829916,27.36942,30.14085,0.557297,9.949415,605.9288,0.96199,1.854276,4.20966,7.023268,-
Plate 1,uci_dual_17,Dual,17,D14,252,133.0858,13.05272,4.317823,309.6894,2.15324,14.4329,144.5187,0.940581,10.07993,4.127509,1.848932,5.585749,-,1.546655,1.463505,1.586447,1.478018,6.439032,0.195817,-,17.46676,10.00871,137.331,-,48.89951,348.7834,10.42296,26.66417,32.42113,0.756883,10.99009,858.4416,1.080801,2.586614,4.569043,11.01063,15.86503
Plate 1,uci_dual_17,Dual,17,D15,253,112.29,13.17248,7.949082,345.9093,1.97699,13.73931,147.6204,1.028385,9.045217,3.830751,3.167282,4.67376,-,1.385545,3.292071,1.57672,1.433143,9.188693,0.252244,5.038971,17.82452,7.666336,129.8493,-,46.34625,379.9122,10.56594,27.06253,38.94406,0.841216,10.50751,764.3974,0.953611,3.239788,3.150548,5.942755,15.18578
Plate 1,uci_dual_20,Dual,20,D19,257,-,17.26538,8.104666,321.302,2.254518,16.90969,300.4081,1.099893,6.948104,3.758226,2.597224,5.436906,3.012991,2.223172,4.714892,2.081119,1.192246,22.00698,0.240273,5.992334,16.84438,12.7607,167.1349,-,59.14425,402.4981,18.06053,28.03446,37.22783,1.171118,8.69488,947.66,1.146089,3.167522,4.839343,9.535454,15.4731
Plate 1,uci_dual_20,Dual,20,D20,258,-,16.20899,7.953252,325.0725,1.868237,19.63029,400.8415,1.039889,5.828257,3.371468,2.142351,4.35625,2.595279,2.449866,4.405604,1.902822,1.314317,33.97423,0.265477,5.890602,18.89753,10.9167,152.7231,20.42865,59.97477,419.3783,12.96241,28.50883,42.59124,0.832652,11.27411,958.8057,1.361323,3.446303,4.949684,12.15094,16.25593
Plate 1,uci_dual_20,Dual,20,D21,259,122.0207,18.50682,6.800746,331.0986,2.176625,18.70984,423.7685,1.215001,7.443546,3.899292,4.091399,5.23615,3.409885,2.565447,5.008995,2.151281,1.118603,30.55037,4.248168,6.379208,18.59308,12.70909,174.4129,-,60.14826,380.5979,15.46128,27.19351,43.11813,1.170401,13.92499,922.3956,1.207837,4.102739,4.257319,9.765632,15.88557
Plate 1,uci_dual_22,Dual,22,E13,263,-,16.78551,6.756869,334.8522,1.889792,17.93809,72.06752,1.422186,9.487139,4.387526,2.129627,4.962366,2.61788,2.318731,1.488921,2.316194,1.549731,2.166822,0.430859,6.536387,20.15692,11.03059,179.2413,-,52.94165,443.2084,14.30181,26.6022,37.65007,0.766996,9.691772,919.0479,1.053893,3.555509,7.055416,8.406438,20.51136
Plate 1,uci_dual_22,Dual,22,E14,264,-,13.83254,7.059373,327.7737,2.585849,12.05065,82.24516,1.138086,5.809531,4.49671,2.119087,2.914136,-,1.533279,1.259262,1.836119,1.345623,2.923567,-,-,18.92543,9.189668,121.8975,-,50.67565,281.4336,11.02409,27.46804,37.88096,0.801005,11.32878,895.4542,1.035452,3.449277,4.293376,7.882826,17.91117
Plate 1,uci_dual_22,Dual,22,E15,265,113.6396,14.0385,4.871774,322.2575,2.244734,16.47575,97.65821,0.922662,4.343418,3.812469,2.674174,4.267004,-,1.86184,1.472406,1.79792,1.450899,3.703246,0.216736,5.488636,20.45139,11.32139,165.5381,-,51.41672,372.4645,12.10808,29.81477,39.8716,0.814835,9.730784,834.8092,1.099511,3.111755,6.305651,9.218957,16.44826
Plate 1,uci_dual_27,Dual,27,E19,269,-,15.7247,6.063766,335.4462,2.18437,20.82859,294.8973,1.284402,7.405094,4.342564,5.422436,3.835139,3.655896,2.328712,4.669265,2.114805,1.390303,14.54502,-,6.683894,18.20482,10.87704,176.1486,-,67.11522,404.9426,14.42279,27.6237,40.63832,1.182091,10.77918,929.4103,1.141665,3.406344,5.117659,10.74152,18.13825
Plate 1,uci_dual_27,Dual,27,E20,270,144.6237,18.66184,7.489314,339.5872,2.026398,19.35024,240.4269,1.465233,5.304383,3.876431,2.674056,5.948885,2.990179,2.650893,3.872072,2.187398,1.209573,14.99849,0.250073,7.098372,17.90467,10.79482,203.8072,-,64.90138,391.5082,16.67975,29.23465,36.30738,1.051718,9.969593,965.2889,1.593762,3.769083,3.054373,12.42485,20.75841
Plate 1,uci_dual_27,Dual,27,E21,271,119.7169,18.78065,9.045766,345.7864,1.877451,20.70946,345.5646,1.110451,9.121734,3.877101,3.094116,5.416887,3.402977,2.389599,7.116313,2.404284,1.146417,33.42036,0.42992,6.8045,18.88242,12.62134,144.7237,-,68.06017,410.537,15.75425,27.55141,39.70851,1.006566,10.10613,1002.745,1.023398,3.228539,5.293493,11.23352,13.37461
Plate 1,uci_dual_29,Dual,29,F13,275,131.549,13.00254,5.07266,327.3058,2.142573,14.50829,154.9065,1.18083,5.87274,3.756028,11.27016,3.242474,-,1.366878,1.249825,1.589443,1.334013,4.037308,0.163677,-,17.53547,8.923321,170.2032,-,45.75199,324.2307,10.61108,25.8337,31.55593,0.721223,12.22922,806.0564,0.914832,3.342032,3.917554,7.436954,17.76913
Plate 1,uci_dual_29,Dual,29,F14,276,-,11.27204,4.150883,335.7742,1.641666,13.84315,102.7787,-,5.566297,4.06612,2.87931,3.173156,2.677626,1.358843,0.976132,1.322255,1.303163,3.223757,0.184863,-,19.1967,8.574224,149.1789,-,42.00962,335.351,8.757775,27.55469,35.68325,0.630504,9.253026,737.5332,0.988682,2.768233,3.390591,7.904758,13.94752
Plate 1,uci_dual_29,Dual,29,F15,277,128.2366,11.64123,8.265305,335.2386,1.961794,12.68922,131.8222,-,4.970659,4.211284,2.111206,3.288605,-,1.897529,1.24227,1.49589,1.181894,3.219914,0.165862,5.026769,17.68134,8.729623,159.9838,-,44.65218,293.8343,9.738722,25.8992,33.54989,0.784949,9.866202,820.793,0.964422,2.837938,4.988462,7.463656,20.85898
Plate 1,uci_dual_30,Dual,30,F19,281,-,15.49306,6.264556,330.1533,2.077354,16.63118,241.7426,-,3.864176,3.513443,2.364455,4.925144,-,2.002062,2.868048,1.882673,8.415394,13.61971,0.18002,5.152385,17.83246,9.520868,168.5782,-,56.51409,428.7046,11.27915,27.5177,34.37654,0.950054,14.17964,862.3246,1.358829,2.921432,4.667941,11.44788,19.11095
Plate 1,uci_dual_30,Dual,30,F20,282,142.327,16.05044,8.135267,327.5408,2.306933,19.60188,144.7508,1.37904,6.52392,4.031902,3.171146,4.977592,-,2.544838,4.113386,2.214164,8.134372,15.9634,0.414331,-,17.50674,9.800365,144.0126,-,57.2874,439.8617,13.99751,28.82381,41.47541,1.065461,13.67437,867.3343,1.201432,2.861597,4.03792,10.65142,22.56903
Plate 1,uci_dual_30,Dual,30,F21,283,-,17.86568,6.556368,326.3856,2.328151,20.59094,444.2179,-,8.18357,4.270556,2.761214,6.00274,-,2.683843,8.375712,2.124941,6.405413,35.32611,0.296942,5.191257,19.2602,12.48918,184.7925,-,58.08654,429.3613,16.38133,26.72228,40.15715,1.213304,11.68522,945.0732,1.008671,3.179524,5.595255,9.969768,14.85554
Plate 1,ctrl_media,None,3,A9,305,134.4118,19.72676,5.287981,351.769,1.984422,19.90738,165.0662,1.159877,3.031424,3.273808,3.352138,4.434195,3.058964,2.801322,5.940772,1.174602,1.857455,14.24266,0.620027,7.752475,19.10071,13.91178,169.1116,-,63.28134,453.7624,12.1716,31.07376,49.39352,1.447264,13.4888,1020.274,2.445624,3.821273,8.241654,15.02657,17.06512
Plate 1,ctrl_isc,ISC,3,B9,306,124.5841,21.16576,9.791932,353.3685,2.688448,14.1437,195.5745,1.080875,8.02412,4.368604,2.690327,6.138233,2.938207,2.151984,8.12279,2.383823,11.43292,11.06188,0.274565,6.096624,19.70504,12.35704,172.4169,-,59.51928,399.0531,13.88834,28.25632,38.80203,0.778576,13.7688,950.0206,1.199792,3.65687,7.358799,12.38525,15.77867
Plate 1,ctrl_dual,Dual,3,D9,308,461.8056,18.92549,9.831484,366.5366,3.297713,19.57807,36.69716,57.90937,12.26315,8.19228,4.536879,5.153074,3.651012,1.415978,2.215115,4.841745,23041.98,0.919251,420.5617,-,20.37788,12.43634,221.0353,-,55.29451,549.4117,11.69242,10694.59,59.87604,2.072803,399.9851,847.9152,9.87939,3.650775,118.5733,67.28263,755.5484
Plate 1,ctrl_msc,MSC,3,E9,309,448.6621,19.14009,10.28961,377.5624,2.333567,14.38486,72.10486,88.27507,9.830183,9.509947,9.99161,3.763335,3.554587,1.420474,2.385417,4.729261,24423.87,1.952599,430.3093,-,19.15272,11.67247,216.8944,-,64.63445,483.9342,11.82733,45016.61,157.836,1.981193,186.5151,852.4357,14.29458,3.490103,124.8375,75.70685,1663.361